antecedents,consequents,antecedent support,consequent support,support,confidence,lift,leverage,conviction,zhangs_metric
['weigth_of_list_wn'],['vs_str_Violate'],0.4189189189189189,0.4189189189189189,0.4189189189189189,1.0,2.3870967741935485,0.24342585829072316,inf,0.9999999999999999
"['isEmpty_False', 'weigth_of_list_wn']",['vs_str_Violate'],0.4189189189189189,0.4189189189189189,0.4189189189189189,1.0,2.3870967741935485,0.24342585829072316,inf,0.9999999999999999
