antecedents,consequents,antecedent support,consequent support,support,confidence,lift,leverage,conviction,zhangs_metric
"['weigth_of_list_wn', 'more_positive_or_negative_n']",['vs_str_Violate'],0.24074074074074073,0.2222222222222222,0.12962962962962962,0.5384615384615384,2.423076923076923,0.07613168724279835,1.6851851851851851,0.7735191637630662
