antecedents,consequents,antecedent support,consequent support,support,confidence,lift,leverage,conviction,zhangs_metric
"['is_sorted_True', 'weigth_of_list_wn']",['vs_str_Violate'],0.15384615384615385,0.27472527472527475,0.10989010989010989,0.7142857142857142,2.5999999999999996,0.06762468300929839,2.5384615384615374,0.7272727272727273
"['isEmpty_False', 'is_sorted_True', 'weigth_of_list_wn']",['vs_str_Violate'],0.15384615384615385,0.27472527472527475,0.10989010989010989,0.7142857142857142,2.5999999999999996,0.06762468300929839,2.5384615384615374,0.7272727272727273
