antecedents,consequents,antecedent support,consequent support,support,confidence,lift,leverage,conviction,zhangs_metric
['weigth_of_list_wn'],['vs_str_Violate'],0.391304347826087,0.2608695652173913,0.1956521739130435,0.5,1.9166666666666667,0.09357277882797732,1.4782608695652173,0.7857142857142857
